{
    "loss": 0.9335698485374451,
    "accuracy": 0.5416666865348816
}