{
    "loss": 1.3658699989318848,
    "accuracy": 0.512499988079071
}