{
    "loss": 1.2886009216308594,
    "accuracy": 0.6166666746139526
}